season,category,team,player_id,stat,value,source_type,source_url
2026,j1,shimizu,1636270,game,17,公式発表で補完,https://www.jleague.jp/news/article/34223/
2026,j1,shimizu,1650727,game,3,公式発表で補完,https://www.jleague.jp/news/article/34436/
2026,j1,shimizu,1652850,game,5,公式発表で補完,https://www.jleague.jp/news/article/34079/
2026-27,j1,shimizu,1635022,game,2,公式チーム別スタッツ,https://www.jleague.jp/j1/stats/player/2026-27/game/search-list/?club=shimizu
2026-27,j1,shimizu,1635022,time,4,公式チーム別スタッツ,https://www.jleague.jp/j1/stats/player/2026-27/time/search-list/?club=shimizu
2026-27,j1,shimizu,1635022,shoot,0,公式チーム別スタッツ,https://www.jleague.jp/j1/stats/player/2026-27/shoot/search-list/?club=shimizu
2026-27,j1,shimizu,1635022,shoot_per_game,0,公式チーム別スタッツ,https://www.jleague.jp/j1/stats/player/2026-27/shoot_per_game/search-list/?club=shimizu
2026-27,j1,shimizu,1635022,shoot_on_target,0,公式チーム別スタッツ,https://www.jleague.jp/j1/stats/player/2026-27/shoot_on_target/search-list/?club=shimizu
2026-27,j1,shimizu,1635022,shoot_rate,0,公式チーム別スタッツ,https://www.jleague.jp/j1/stats/player/2026-27/shoot_rate/search-list/?club=shimizu
2026-27,j1,shimizu,1635022,score,0,公式チーム別スタッツ,https://www.jleague.jp/j1/stats/player/2026-27/score/search-list/?club=shimizu
2026-27,j1,shimizu,1635022,fk_score,0,公式チーム別スタッツ,https://www.jleague.jp/j1/stats/player/2026-27/fk_score/search-list/?club=shimizu
2026-27,j1,shimizu,1635022,pk_score,0,公式チーム別スタッツ,https://www.jleague.jp/j1/stats/player/2026-27/pk_score/search-list/?club=shimizu
2026-27,j1,shimizu,1635022,left_foot_score,0,公式チーム別スタッツ,https://www.jleague.jp/j1/stats/player/2026-27/left_foot_score/search-list/?club=shimizu
2026-27,j1,shimizu,1635022,right_foot_score,0,公式チーム別スタッツ,https://www.jleague.jp/j1/stats/player/2026-27/right_foot_score/search-list/?club=shimizu
2026-27,j1,shimizu,1635022,head_score,0,公式チーム別スタッツ,https://www.jleague.jp/j1/stats/player/2026-27/head_score/search-list/?club=shimizu
2026-27,j1,shimizu,1635022,other_type_score,0,公式チーム別スタッツ,https://www.jleague.jp/j1/stats/player/2026-27/other_type_score/search-list/?club=shimizu
2026-27,j1,shimizu,1635022,expected_goals,0,公式チーム別スタッツ,https://www.jleague.jp/j1/stats/player/2026-27/expected_goals/search-list/?club=shimizu
2026-27,j1,shimizu,1635022,expected_goals_excl_pk,0,公式チーム別スタッツ,https://www.jleague.jp/j1/stats/player/2026-27/expected_goals_excl_pk/search-list/?club=shimizu
2026-27,j1,shimizu,1635022,expected_goals_diff,0,公式チーム別スタッツ,https://www.jleague.jp/j1/stats/player/2026-27/expected_goals_diff/search-list/?club=shimizu
2026-27,j1,shimizu,1635022,assist,0,公式チーム別スタッツ,https://www.jleague.jp/j1/stats/player/2026-27/assist/search-list/?club=shimizu
2026-27,j1,shimizu,1635022,play_count,8,公式チーム別スタッツ,https://www.jleague.jp/j1/stats/player/2026-27/play_count/search-list/?club=shimizu
2026-27,j1,shimizu,1635022,play_count_per_game,4,公式チーム別スタッツ,https://www.jleague.jp/j1/stats/player/2026-27/play_count_per_game/search-list/?club=shimizu
2026-27,j1,shimizu,1635022,pass_count,7,公式チーム別スタッツ,https://www.jleague.jp/j1/stats/player/2026-27/pass_count/search-list/?club=shimizu
2026-27,j1,shimizu,1635022,pass_count_per_game,3.5,公式チーム別スタッツ,https://www.jleague.jp/j1/stats/player/2026-27/pass_count_per_game/search-list/?club=shimizu
2026-27,j1,shimizu,1635022,pass_rate,0,公式チーム別スタッツ,https://www.jleague.jp/j1/stats/player/2026-27/pass_rate/search-list/?club=shimizu
2026-27,j1,shimizu,1635022,opponent_area_pass_count,5,公式チーム別スタッツ,https://www.jleague.jp/j1/stats/player/2026-27/opponent_area_pass_count/search-list/?club=shimizu
2026-27,j1,shimizu,1635022,opponent_area_pass_rate,0,公式チーム別スタッツ,https://www.jleague.jp/j1/stats/player/2026-27/opponent_area_pass_rate/search-list/?club=shimizu
2026-27,j1,shimizu,1635022,opponent_area_pass_count_per_game,2.5,公式チーム別スタッツ,https://www.jleague.jp/j1/stats/player/2026-27/opponent_area_pass_count_per_game/search-list/?club=shimizu
2026-27,j1,shimizu,1635022,own_area_pass_count,2,公式チーム別スタッツ,https://www.jleague.jp/j1/stats/player/2026-27/own_area_pass_count/search-list/?club=shimizu
2026-27,j1,shimizu,1635022,own_area_pass_rate,0,公式チーム別スタッツ,https://www.jleague.jp/j1/stats/player/2026-27/own_area_pass_rate/search-list/?club=shimizu
2026-27,j1,shimizu,1635022,own_area_pass_count_per_game,1,公式チーム別スタッツ,https://www.jleague.jp/j1/stats/player/2026-27/own_area_pass_count_per_game/search-list/?club=shimizu
2026-27,j1,shimizu,1635022,long_pass_count,0,公式チーム別スタッツ,https://www.jleague.jp/j1/stats/player/2026-27/long_pass_count/search-list/?club=shimizu
2026-27,j1,shimizu,1635022,long_pass_rate,0,公式チーム別スタッツ,https://www.jleague.jp/j1/stats/player/2026-27/long_pass_rate/search-list/?club=shimizu
2026-27,j1,shimizu,1635022,long_pass_count_per_game,0,公式チーム別スタッツ,https://www.jleague.jp/j1/stats/player/2026-27/long_pass_count_per_game/search-list/?club=shimizu
2026-27,j1,shimizu,1635022,dribble_count,1,公式チーム別スタッツ,https://www.jleague.jp/j1/stats/player/2026-27/dribble_count/search-list/?club=shimizu
2026-27,j1,shimizu,1635022,dribble_rate,100,公式チーム別スタッツ,https://www.jleague.jp/j1/stats/player/2026-27/dribble_rate/search-list/?club=shimizu
2026-27,j1,shimizu,1635022,through_pass_count,0,公式チーム別スタッツ,https://www.jleague.jp/j1/stats/player/2026-27/through_pass_count/search-list/?club=shimizu
2026-27,j1,shimizu,1635022,through_pass_rate,0,公式チーム別スタッツ,https://www.jleague.jp/j1/stats/player/2026-27/through_pass_rate/search-list/?club=shimizu
2026-27,j1,shimizu,1635022,cross_count,0,公式チーム別スタッツ,https://www.jleague.jp/j1/stats/player/2026-27/cross_count/search-list/?club=shimizu
2026-27,j1,shimizu,1635022,cross_rate,0,公式チーム別スタッツ,https://www.jleague.jp/j1/stats/player/2026-27/cross_rate/search-list/?club=shimizu
2026-27,j1,shimizu,1635022,cross_count_per_game,0,公式チーム別スタッツ,https://www.jleague.jp/j1/stats/player/2026-27/cross_count_per_game/search-list/?club=shimizu
2026-27,j1,shimizu,1635022,clear_count,0,公式チーム別スタッツ,https://www.jleague.jp/j1/stats/player/2026-27/clear_count/search-list/?club=shimizu
2026-27,j1,shimizu,1635022,tackle_count,0,公式チーム別スタッツ,https://www.jleague.jp/j1/stats/player/2026-27/tackle_count/search-list/?club=shimizu
2026-27,j1,shimizu,1635022,tackle_rate,0,公式チーム別スタッツ,https://www.jleague.jp/j1/stats/player/2026-27/tackle_rate/search-list/?club=shimizu
2026-27,j1,shimizu,1635022,tackle_count_per_game,0,公式チーム別スタッツ,https://www.jleague.jp/j1/stats/player/2026-27/tackle_count_per_game/search-list/?club=shimizu
2026-27,j1,shimizu,1635022,block_count,0,公式チーム別スタッツ,https://www.jleague.jp/j1/stats/player/2026-27/block_count/search-list/?club=shimizu
2026-27,j1,shimizu,1635022,intercept_count,0,公式チーム別スタッツ,https://www.jleague.jp/j1/stats/player/2026-27/intercept_count/search-list/?club=shimizu
2026-27,j1,shimizu,1635022,intercept_count_per_game,0,公式チーム別スタッツ,https://www.jleague.jp/j1/stats/player/2026-27/intercept_count_per_game/search-list/?club=shimizu
2026-27,j1,shimizu,1635022,air_battle_win_count,1,公式チーム別スタッツ,https://www.jleague.jp/j1/stats/player/2026-27/air_battle_win_count/search-list/?club=shimizu
2026-27,j1,shimizu,1635022,air_battle_win_rate,50,公式チーム別スタッツ,https://www.jleague.jp/j1/stats/player/2026-27/air_battle_win_rate/search-list/?club=shimizu
2026-27,j1,shimizu,1635022,foul_count,2,公式チーム別スタッツ,https://www.jleague.jp/j1/stats/player/2026-27/foul_count/search-list/?club=shimizu
2026-27,j1,shimizu,1635022,suffer_foul_count,1,公式チーム別スタッツ,https://www.jleague.jp/j1/stats/player/2026-27/suffer_foul_count/search-list/?club=shimizu
2026-27,j1,shimizu,1635022,yellow_count,0,公式チーム別スタッツ,https://www.jleague.jp/j1/stats/player/2026-27/yellow_count/search-list/?club=shimizu
2026-27,j1,shimizu,1635022,red_count,0,公式チーム別スタッツ,https://www.jleague.jp/j1/stats/player/2026-27/red_count/search-list/?club=shimizu
2026-27,j1,shimizu,1635022,chance_create,0,公式チーム別スタッツ,https://www.jleague.jp/j1/stats/player/2026-27/chance_create/search-list/?club=shimizu
2026-27,j1,shimizu,1635022,chance_create_per_game,0,公式チーム別スタッツ,https://www.jleague.jp/j1/stats/player/2026-27/chance_create_per_game/search-list/?club=shimizu
2026-27,j1,shimizu,1635022,duels_won,0,公式チーム別スタッツ,https://www.jleague.jp/j1/stats/player/2026-27/duels_won/search-list/?club=shimizu
2026-27,j1,shimizu,1635022,recovery_count,1,公式チーム別スタッツ,https://www.jleague.jp/j1/stats/player/2026-27/recovery_count/search-list/?club=shimizu
2026-27,j1,shimizu,1635022,fk,0,公式チーム別スタッツ,https://www.jleague.jp/j1/stats/player/2026-27/fk/search-list/?club=shimizu
2026-27,j1,shimizu,1635022,ck,0,公式チーム別スタッツ,https://www.jleague.jp/j1/stats/player/2026-27/ck/search-list/?club=shimizu
2026-27,j1,shimizu,1635022,distance,2.3,公式チーム別スタッツ,https://www.jleague.jp/j1/stats/player/2026-27/distance/search-list/?club=shimizu
2026-27,j1,shimizu,1635022,top_speed,27.2,公式チーム別スタッツ,https://www.jleague.jp/j1/stats/player/2026-27/top_speed/search-list/?club=shimizu
2026-27,j1,shimizu,1635022,sprint,3,公式チーム別スタッツ,https://www.jleague.jp/j1/stats/player/2026-27/sprint/search-list/?club=shimizu
2026-27,j1,shimizu,1635022,at_sprint,2,公式チーム別スタッツ,https://www.jleague.jp/j1/stats/player/2026-27/at_sprint/search-list/?club=shimizu
2026-27,j1,shimizu,1635022,mt_sprint,1,公式チーム別スタッツ,https://www.jleague.jp/j1/stats/player/2026-27/mt_sprint/search-list/?club=shimizu
2026-27,j1,shimizu,1635022,dt_sprint,0,公式チーム別スタッツ,https://www.jleague.jp/j1/stats/player/2026-27/dt_sprint/search-list/?club=shimizu
2026-27,j1,shimizu,1635022,possession_distance,0.7,公式チーム別スタッツ,https://www.jleague.jp/j1/stats/player/2026-27/possession_distance/search-list/?club=shimizu
2026-27,j1,shimizu,1635022,possession_sprint,2,公式チーム別スタッツ,https://www.jleague.jp/j1/stats/player/2026-27/possession_sprint/search-list/?club=shimizu
2026-27,j1,shimizu,1635022,un_possession_distance,0.6,公式チーム別スタッツ,https://www.jleague.jp/j1/stats/player/2026-27/un_possession_distance/search-list/?club=shimizu
2026-27,j1,shimizu,1635022,un_possession_sprint,1,公式チーム別スタッツ,https://www.jleague.jp/j1/stats/player/2026-27/un_possession_sprint/search-list/?club=shimizu
